session_id,total_clicks,back_clicks,retry_count,dwell_time,page_switch_count,friction_label
1,43,5,5,438,8,1
2,33,1,0,425,13,1
3,19,0,4,462,2,1
4,47,6,0,206,7,1
5,12,6,3,563,14,1
6,25,9,5,62,14,1
7,43,9,4,489,1,1
8,23,1,5,452,7,1
9,27,1,2,339,8,0
10,15,0,0,260,2,0
11,15,9,5,132,9,1
12,28,7,1,396,1,1
13,40,7,0,348,13,1
14,44,0,2,357,6,0
15,28,7,5,38,1,1
16,7,8,4,44,3,1
17,26,3,2,527,11,1
18,6,0,1,405,6,1
19,28,0,5,303,3,1
20,48,2,3,598,8,1
21,34,4,0,358,5,0
22,42,4,4,156,2,1
23,6,8,3,76,4,1
24,25,9,5,529,9,1
25,37,1,5,131,4,1
26,16,1,2,349,10,0
27,26,5,5,184,10,1
28,48,8,4,460,8,1
29,29,0,3,566,5,1
30,31,8,4,145,11,1
31,46,8,1,25,11,1
32,32,8,1,342,10,1
33,20,4,0,204,13,0
34,19,8,0,505,13,1
35,48,3,1,18,14,0
36,7,1,5,343,1,1
37,41,5,4,342,7,1
38,11,3,1,336,3,0
39,25,5,0,24,10,0
40,13,2,1,235,8,0
41,43,5,5,434,14,1
42,22,1,1,417,12,1
43,8,1,4,122,3,1
44,29,8,3,437,1,1
45,18,6,5,10,5,1
46,13,2,0,275,2,0
47,30,0,4,500,11,1
48,6,7,1,217,4,1
49,24,5,1,378,1,0
50,32,6,3,315,9,1
51,11,8,0,21,6,1
52,48,4,0,354,8,0
53,12,0,2,474,11,1
54,39,9,0,503,4,1
55,18,6,3,377,9,1
56,21,4,2,429,2,1
57,40,2,2,180,9,0
58,44,8,1,143,12,1
59,8,0,1,436,5,1
60,6,0,0,34,13,0
61,10,0,2,539,6,1
62,46,2,1,199,3,0
63,8,5,3,150,4,1
64,33,9,1,564,6,1
65,22,2,5,324,7,1
66,30,7,5,453,1,1
67,48,9,1,328,7,1
68,38,1,2,450,1,1
69,14,8,2,101,5,1
70,40,2,4,188,6,1
71,18,4,5,65,13,1
72,35,9,3,164,2,1
73,19,7,2,120,13,1
74,12,1,0,146,10,0
75,18,5,5,241,9,1
76,27,4,3,477,14,1
77,44,9,3,490,10,1
78,25,8,2,77,6,1
79,20,4,3,258,7,1
80,49,1,2,332,14,0
81,22,4,1,527,10,1
82,28,3,5,441,8,1
83,30,6,4,496,11,1
84,29,5,1,438,13,1
85,49,1,5,278,10,1
86,45,4,2,546,1,1
87,33,6,5,157,14,1
88,19,6,2,127,8,1
89,49,4,1,376,4,0
90,5,8,0,75,10,1
91,29,3,0,379,8,0
92,11,2,5,184,13,1
93,13,3,0,597,6,1
94,28,4,2,504,11,1
95,5,5,3,123,9,1
96,48,2,2,120,11,0
97,12,1,3,448,4,1
98,28,3,1,156,2,0
99,15,4,4,44,14,1
100,21,3,3,318,2,1
101,12,2,0,547,5,1
102,39,7,2,23,10,1
103,39,9,1,383,9,1
104,37,3,0,566,12,1
105,9,1,1,437,3,1
106,46,1,4,242,8,1
107,43,0,2,572,4,1
108,45,3,5,449,6,1
109,32,9,2,511,10,1
110,11,8,4,284,6,1
111,13,6,2,85,3,1
112,12,9,5,448,14,1
113,16,6,3,298,5,1
114,38,6,1,549,12,1
115,37,7,5,262,3,1
116,27,0,0,135,11,0
117,28,9,4,186,11,1
118,41,9,3,46,1,1
119,39,7,0,419,7,1
120,48,3,0,136,4,0
121,44,3,4,492,14,1
122,26,3,3,177,7,1
123,31,5,0,303,3,0
124,39,6,0,352,12,1
125,5,5,3,319,11,1
126,39,0,2,537,5,1
127,41,7,0,549,5,1
128,18,9,1,428,13,1
129,7,6,3,453,2,1
130,5,5,0,567,11,1
131,9,5,4,245,10,1
132,30,4,5,448,12,1
133,18,5,1,223,2,0
134,43,8,5,94,4,1
135,31,9,5,94,4,1
136,13,8,0,498,4,1
137,19,9,1,74,6,1
138,19,7,1,73,2,1
139,30,9,2,352,6,1
140,46,8,5,361,7,1
141,17,9,1,167,11,1
142,36,7,2,598,10,1
143,43,7,3,500,3,1
144,36,0,2,472,11,1
145,8,9,4,234,12,1
146,34,4,0,322,8,0
147,41,3,3,475,2,1
148,27,1,3,97,11,1
149,43,7,4,312,8,1
150,49,2,2,444,13,1
151,19,3,0,144,11,0
152,47,6,2,59,5,1
153,33,9,1,441,2,1
154,40,8,2,349,7,1
155,17,1,3,356,14,1
156,36,2,0,356,2,0
157,11,3,2,254,14,0
158,26,9,0,118,6,1
159,32,0,0,542,10,1
160,6,6,1,99,3,1
161,46,1,1,305,9,0
162,49,4,3,121,3,1
163,10,0,4,598,11,1
164,32,2,0,186,12,0
165,32,1,4,352,12,1
166,48,0,3,110,3,1
167,48,6,0,410,5,1
168,24,4,0,37,7,0
169,34,0,5,546,14,1
170,15,5,4,67,8,1
171,32,4,2,507,12,1
172,29,2,1,306,11,0
173,43,6,2,143,7,1
174,37,9,4,340,9,1
175,5,8,1,258,5,1
176,31,8,2,559,10,1
177,17,8,5,84,11,1
178,45,1,1,177,3,0
179,7,2,0,512,6,1
180,43,6,2,364,5,1
181,10,4,1,234,12,0
182,12,1,5,540,4,1
183,31,2,1,155,12,0
184,13,9,1,250,2,1
185,41,5,5,353,7,1
186,37,6,2,44,13,1
187,46,8,3,10,5,1
188,48,0,2,162,4,0
189,28,6,4,438,12,1
190,19,7,5,517,14,1
191,36,2,2,135,8,0
192,36,3,1,500,9,1
193,28,9,5,491,9,1
194,45,5,0,354,3,0
195,16,9,2,230,3,1
196,43,6,5,34,5,1
197,6,3,2,537,5,1
198,7,7,5,191,10,1
199,41,4,1,508,2,1
200,21,0,0,51,1,0
201,6,3,0,490,8,1
202,6,2,4,448,3,1
203,32,8,5,411,1,1
204,27,7,2,555,1,1
205,41,0,0,354,11,0
206,36,5,0,54,2,0
207,37,8,3,30,6,1
208,5,6,3,79,6,1
209,23,3,0,57,14,0
210,6,0,5,500,3,1
211,48,1,4,560,12,1
212,30,4,0,296,4,0
213,36,4,1,19,12,0
214,10,7,2,551,13,1
215,36,5,4,283,2,1
216,8,7,1,390,2,1
217,15,1,4,338,7,1
218,21,2,1,488,13,1
219,42,5,2,24,1,0
220,28,9,2,525,7,1
221,9,2,3,200,14,1
222,38,5,5,177,12,1
223,10,5,1,530,14,1
224,26,1,3,146,12,1
225,15,6,1,163,14,1
226,20,1,3,397,1,1
227,37,5,2,218,14,0
228,13,0,4,281,6,1
229,10,2,3,152,3,1
230,20,1,1,78,8,0
231,33,6,1,256,6,1
232,7,3,5,270,11,1
233,24,7,2,88,2,1
234,40,5,1,534,8,1
235,23,9,0,339,5,1
236,30,3,4,198,8,1
237,7,4,3,104,8,1
238,23,8,5,17,6,1
239,24,6,4,76,2,1
240,36,9,2,505,8,1
241,11,8,5,200,11,1
242,45,6,3,375,6,1
243,37,0,3,530,6,1
244,44,7,0,126,8,1
245,43,3,2,276,1,0
246,22,2,5,494,2,1
247,44,6,5,518,12,1
248,5,2,1,307,12,0
249,15,7,0,173,9,1
250,32,5,0,385,11,0
251,29,4,5,277,12,1
252,27,3,5,558,8,1
253,35,7,4,83,12,1
254,34,7,4,517,7,1
255,46,0,4,82,7,1
256,39,8,0,317,5,1
257,11,4,1,208,2,0
258,20,3,3,139,11,1
259,30,5,4,581,6,1
260,6,5,1,496,10,1
261,5,1,2,160,3,0
262,16,7,4,215,4,1
263,9,6,3,188,13,1
264,41,0,2,206,10,0
265,36,4,2,98,12,0
266,13,5,3,443,11,1
267,45,3,4,192,2,1
268,39,1,0,218,14,0
269,23,3,3,502,2,1
270,20,0,3,139,12,1
271,7,6,3,22,8,1
272,24,1,2,115,8,0
273,28,1,1,384,10,0
274,37,8,0,591,6,1
275,28,4,4,108,13,1
276,15,1,4,596,5,1
277,12,8,1,201,8,1
278,40,8,3,334,4,1
279,42,0,0,476,11,1
280,44,2,4,376,4,1
281,24,3,5,327,5,1
282,39,6,4,153,1,1
283,29,9,3,393,1,1
284,39,3,5,225,2,1
285,29,1,1,370,14,0
286,33,6,0,333,8,1
287,22,5,1,24,7,0
288,22,2,1,226,10,0
289,6,5,0,501,9,1
290,39,5,0,556,5,1
291,20,4,4,192,2,1
292,45,3,4,279,7,1
293,40,9,0,476,8,1
294,37,0,5,528,12,1
295,8,9,2,551,7,1
296,37,5,4,476,14,1
297,18,1,2,314,7,0
298,25,2,5,153,12,1
299,24,7,0,120,14,1
300,12,9,5,241,5,1
301,11,5,4,593,2,1
302,7,2,1,509,6,1
303,21,6,0,563,4,1
304,37,3,3,282,10,1
305,16,8,2,182,2,1
306,26,4,5,16,12,1
307,26,2,0,164,9,0
308,34,1,5,531,7,1
309,42,1,0,555,6,1
310,42,2,4,557,12,1
311,49,1,4,527,5,1
312,12,3,4,224,3,1
313,31,1,5,143,12,1
314,31,9,3,294,10,1
315,38,8,4,135,10,1
316,25,1,0,448,4,1
317,34,8,4,161,3,1
318,37,5,1,340,12,0
319,32,0,4,547,11,1
320,37,3,5,392,8,1
321,9,0,3,124,3,1
322,23,5,1,491,7,1
323,8,3,5,293,7,1
324,39,2,5,84,7,1
325,21,2,5,175,13,1
326,48,8,0,198,7,1
327,32,5,5,87,14,1
328,34,8,0,30,2,1
329,33,4,5,575,10,1
330,10,1,2,193,3,0
331,39,7,1,231,10,1
332,45,4,2,337,9,0
333,41,1,5,188,3,1
334,28,3,1,121,2,0
335,33,8,1,68,9,1
336,35,3,3,336,13,1
337,39,3,2,200,10,0
338,37,1,3,209,9,1
339,25,5,1,321,4,0
340,36,1,0,44,14,0
341,27,6,1,388,12,1
342,37,2,3,396,9,1
343,7,2,2,246,3,0
344,22,4,5,528,7,1
345,29,2,5,292,7,1
346,46,1,2,10,11,0
347,35,9,5,473,8,1
348,7,8,5,239,10,1
349,44,1,3,181,4,1
350,28,1,2,96,3,0
351,36,7,4,562,3,1
352,26,8,0,132,12,1
353,27,6,0,307,5,1
354,6,2,5,584,11,1
355,31,8,0,493,14,1
356,46,2,2,174,1,0
357,6,4,2,392,10,0
358,30,8,1,218,3,1
359,21,2,1,441,14,1
360,44,6,0,398,6,1
361,37,0,4,569,3,1
362,13,3,1,233,5,0
363,47,3,1,12,9,0
364,43,6,2,381,2,1
365,33,7,4,455,11,1
366,46,0,5,125,2,1
367,30,4,0,279,12,0
368,39,6,1,456,6,1
369,29,3,4,377,6,1
370,28,3,4,262,11,1
371,17,3,0,326,11,0
372,11,5,4,424,8,1
373,40,6,4,104,12,1
374,49,1,4,33,13,1
375,24,4,1,59,11,0
376,5,3,0,511,14,1
377,12,2,4,507,2,1
378,20,6,4,344,9,1
379,18,5,1,88,2,0
380,16,6,0,591,13,1
381,27,4,2,36,1,0
382,19,5,1,280,10,0
383,32,4,0,571,2,1
384,38,6,4,256,12,1
385,6,1,0,396,7,0
386,36,4,0,568,8,1
387,27,5,5,370,5,1
388,26,5,0,497,6,1
389,29,4,2,361,12,0
390,26,9,0,265,1,1
391,26,6,2,231,6,1
392,46,9,4,10,12,1
393,10,7,2,555,8,1
394,19,6,4,455,13,1
395,47,4,4,88,3,1
396,41,0,2,245,11,0
397,37,4,1,343,1,0
398,12,9,3,358,11,1
399,48,1,0,107,4,0
400,48,4,5,91,1,1
401,9,4,3,511,14,1
402,43,1,0,486,8,1
403,8,4,0,559,5,1
404,10,3,4,23,1,1
405,49,0,0,401,14,1
406,36,2,5,356,8,1
407,34,0,0,319,9,0
408,39,4,2,395,10,0
409,44,3,3,218,2,1
410,20,6,2,366,9,1
411,17,4,5,577,8,1
412,46,9,0,103,7,1
413,34,3,5,102,3,1
414,23,1,4,349,2,1
415,21,3,2,454,7,1
416,23,1,2,31,5,0
417,32,7,1,300,6,1
418,30,2,0,494,4,1
419,41,8,4,315,2,1
420,30,3,2,137,9,0
421,27,5,2,282,3,0
422,13,9,4,451,12,1
423,16,4,5,512,14,1
424,5,9,5,139,7,1
425,5,0,0,141,14,0
426,38,8,1,491,8,1
427,36,0,2,399,2,0
428,29,7,1,334,14,1
429,44,8,5,78,6,1
430,49,8,5,457,11,1
431,5,0,3,537,8,1
432,20,1,0,174,7,0
433,43,0,3,497,11,1
434,9,9,3,435,3,1
435,26,1,3,274,1,1
436,33,9,0,351,14,1
437,7,7,0,287,6,1
438,16,4,4,448,8,1
439,30,6,1,166,6,1
440,20,1,1,431,5,1
441,41,7,4,260,11,1
442,26,5,4,539,12,1
443,33,7,5,336,8,1
444,18,0,3,106,2,1
445,32,0,4,522,12,1
446,9,6,2,225,1,1
447,34,7,1,141,1,1
448,9,2,4,269,14,1
449,16,4,2,134,4,0
450,20,0,2,91,6,0
451,30,6,2,292,13,1
452,30,4,5,68,9,1
453,25,7,5,553,1,1
454,43,7,2,170,12,1
455,40,8,5,293,1,1
456,37,6,3,115,13,1
457,34,0,2,114,13,0
458,41,2,3,448,5,1
459,27,7,3,237,10,1
460,14,2,2,591,5,1
461,9,7,1,327,5,1
462,40,0,2,473,10,1
463,38,4,2,481,6,1
464,35,3,5,65,8,1
465,14,4,2,22,3,0
466,23,7,1,449,9,1
467,36,9,5,27,13,1
468,5,3,0,122,1,0
469,9,3,0,238,4,0
470,49,2,3,180,9,1
471,8,6,3,304,14,1
472,20,2,1,198,8,0
473,28,2,4,435,10,1
474,20,9,0,88,9,1
475,6,4,3,191,1,1
476,32,4,0,508,9,1
477,36,5,1,80,3,0
478,31,7,1,257,11,1
479,24,9,4,155,12,1
480,28,5,4,305,10,1
481,16,0,5,591,9,1
482,39,7,1,479,1,1
483,37,7,3,515,1,1
484,37,8,0,202,9,1
485,47,8,2,77,11,1
486,41,1,4,503,14,1
487,16,1,2,61,6,0
488,7,2,3,372,4,1
489,5,0,4,483,7,1
490,37,3,2,530,5,1
491,44,3,3,440,10,1
492,14,8,0,307,14,1
493,47,8,3,444,7,1
494,48,8,5,207,8,1
495,33,9,4,137,8,1
496,17,6,1,541,1,1
497,16,1,0,420,8,1
498,35,9,2,74,6,1
499,6,4,4,250,4,1
500,39,3,1,378,13,0
501,27,7,3,545,14,1
502,21,1,1,393,12,0
503,30,5,4,440,8,1
504,12,4,4,92,3,1
505,33,1,5,583,13,1
506,30,9,5,295,4,1
507,14,0,1,543,6,1
508,30,7,3,468,11,1
509,38,1,1,221,7,0
510,45,6,4,135,4,1
511,11,8,4,422,4,1
512,8,8,2,508,7,1
513,49,7,5,434,6,1
514,15,9,2,563,13,1
515,33,8,0,552,11,1
516,40,1,4,167,8,1
517,29,5,2,121,1,0
518,25,3,1,411,10,1
519,40,3,5,131,13,1
520,14,4,5,282,11,1
521,41,2,3,303,7,1
522,13,0,1,407,12,1
523,28,7,3,480,7,1
524,39,4,2,216,11,0
525,39,2,0,119,7,0
526,40,9,1,449,7,1
527,22,6,1,287,10,1
528,43,6,1,577,14,1
529,36,0,3,578,10,1
530,28,8,2,491,8,1
531,27,1,1,123,9,0
532,36,4,1,486,9,1
533,41,4,5,330,2,1
534,16,7,0,188,13,1
535,17,7,5,228,13,1
536,27,6,5,537,7,1
537,29,6,0,501,7,1
538,39,5,2,70,4,0
539,45,5,5,63,9,1
540,34,8,2,547,8,1
541,21,5,5,74,12,1
542,24,1,4,595,1,1
543,29,1,0,180,2,0
544,26,4,5,282,13,1
545,17,3,4,544,13,1
546,23,1,3,400,2,1
547,40,2,4,336,12,1
548,16,6,1,117,12,1
549,45,7,5,171,11,1
550,23,5,4,461,8,1
551,16,4,2,215,1,0
552,13,0,3,599,4,1
553,11,7,5,25,10,1
554,32,2,1,336,12,0
555,18,5,4,11,5,1
556,35,2,3,19,9,1
557,23,6,5,443,7,1
558,20,6,3,134,8,1
559,9,8,1,90,14,1
560,39,4,4,494,11,1
561,16,7,3,159,9,1
562,29,9,3,349,13,1
563,25,9,0,138,7,1
564,40,7,3,447,5,1
565,27,0,0,510,13,1
566,20,4,4,67,5,1
567,43,2,5,207,10,1
568,49,0,5,220,11,1
569,46,3,4,54,6,1
570,43,7,4,106,5,1
571,18,2,2,288,13,0
572,35,9,4,544,12,1
573,9,1,3,419,11,1
574,39,8,5,470,9,1
575,27,9,1,400,3,1
576,33,4,5,53,3,1
577,47,6,0,36,7,1
578,15,1,5,106,7,1
579,22,8,2,557,6,1
580,16,8,4,576,3,1
581,13,3,4,228,14,1
582,14,3,5,194,13,1
583,48,5,1,78,7,0
584,21,9,1,139,5,1
585,42,9,2,576,7,1
586,11,9,0,343,2,1
587,17,5,5,163,6,1
588,44,0,4,556,14,1
589,46,8,5,88,8,1
590,13,1,2,588,1,1
591,31,4,3,422,4,1
592,6,8,3,555,11,1
593,9,3,2,178,1,0
594,33,2,4,592,14,1
595,41,6,2,524,1,1
596,42,5,4,323,10,1
597,23,7,1,41,12,1
598,12,2,2,296,14,0
599,49,4,4,52,14,1
600,5,9,2,10,11,1
601,26,3,2,582,8,1
602,21,3,4,279,7,1
603,11,3,4,189,12,1
604,29,9,0,527,10,1
605,49,7,2,112,13,1
606,8,5,3,19,1,1
607,40,2,2,592,11,1
608,10,9,2,99,14,1
609,35,4,4,235,13,1
610,23,5,2,135,2,0
611,48,4,5,218,4,1
612,43,5,2,106,1,0
613,31,7,5,83,3,1
614,14,6,3,200,8,1
615,30,4,4,65,8,1
616,23,9,2,562,8,1
617,43,5,5,41,6,1
618,7,3,5,536,6,1
619,49,8,5,583,5,1
620,17,3,1,293,13,0
621,32,0,0,503,9,1
622,24,6,3,196,4,1
623,32,6,2,507,10,1
624,12,3,1,451,12,1
625,45,2,2,139,12,0
626,43,7,2,301,12,1
627,5,4,4,123,7,1
628,7,9,4,208,1,1
629,17,6,4,22,9,1
630,32,3,1,280,7,0
631,29,3,2,224,10,0
632,37,7,0,453,12,1
633,42,7,3,521,9,1
634,10,1,4,456,7,1
635,48,1,4,83,2,1
636,49,2,2,546,6,1
637,36,2,2,110,10,0
638,49,0,1,185,12,0
639,25,2,1,436,11,1
640,20,5,4,126,4,1
641,25,7,2,175,3,1
642,15,9,0,50,2,1
643,41,5,3,438,6,1
644,40,4,2,353,8,0
645,39,3,2,433,6,1
646,23,2,5,375,9,1
647,24,3,1,129,14,0
648,22,6,3,238,5,1
649,45,0,4,139,2,1
650,18,6,2,361,8,1
651,19,0,4,327,9,1
652,35,1,2,346,14,0
653,5,3,4,282,10,1
654,7,0,3,126,4,1
655,20,8,1,377,6,1
656,27,5,3,103,11,1
657,15,0,5,177,10,1
658,16,0,0,350,8,0
659,14,5,1,161,9,0
660,36,3,3,595,12,1
661,20,3,5,283,5,1
662,12,5,0,563,12,1
663,42,6,5,505,6,1
664,16,8,2,110,11,1
665,28,9,2,566,4,1
666,32,4,4,91,5,1
667,12,8,1,538,7,1
668,32,3,2,82,9,0
669,40,9,5,23,10,1
670,30,1,1,442,11,1
671,12,2,2,166,13,0
672,32,0,4,141,6,1
673,32,5,3,347,14,1
674,41,5,4,413,6,1
675,45,0,0,385,8,0
676,40,2,2,568,11,1
677,31,4,0,116,4,0
678,21,2,0,274,3,0
679,13,9,5,214,14,1
680,37,2,1,88,7,0
681,24,9,5,164,5,1
682,17,2,2,256,2,0
683,32,4,0,540,2,1
684,33,4,3,547,11,1
685,17,3,0,163,6,0
686,39,0,3,163,8,1
687,10,4,5,101,1,1
688,22,9,5,442,11,1
689,9,4,1,347,6,0
690,29,3,0,489,12,1
691,6,5,4,140,2,1
692,14,9,5,459,2,1
693,34,3,5,282,7,1
694,49,6,1,597,10,1
695,9,6,3,186,1,1
696,37,1,1,58,6,0
697,5,2,0,576,14,1
698,22,0,2,364,7,0
699,36,7,2,317,14,1
700,15,8,3,55,8,1
701,25,3,5,311,7,1
702,30,5,3,417,6,1
703,29,8,5,198,9,1
704,26,5,5,138,13,1
705,31,8,2,570,3,1
706,17,3,3,546,11,1
707,37,7,1,275,6,1
708,38,8,5,127,4,1
709,45,3,4,473,2,1
710,39,4,4,153,1,1
711,5,7,1,451,12,1
712,25,9,4,209,12,1
713,10,5,0,166,14,0
714,32,6,5,496,1,1
715,21,2,1,143,11,0
716,9,6,3,157,10,1
717,35,7,5,345,3,1
718,9,9,1,80,4,1
719,42,5,2,242,2,0
720,7,9,3,343,13,1
721,27,8,2,99,12,1
722,41,5,5,343,11,1
723,41,8,3,208,11,1
724,14,3,4,170,14,1
725,14,7,1,547,11,1
726,23,3,5,130,1,1
727,21,1,0,310,4,0
728,25,9,3,584,7,1
729,18,8,3,445,10,1
730,13,4,5,77,11,1
731,5,3,5,468,6,1
732,49,1,2,523,6,1
733,17,0,4,407,11,1
734,8,6,2,295,9,1
735,5,5,2,570,14,1
736,44,1,4,149,2,1
737,36,7,0,565,4,1
738,38,3,2,599,5,1
739,32,7,2,291,1,1
740,35,6,3,587,8,1
741,12,4,4,466,8,1
742,43,9,1,96,6,1
743,30,9,0,88,12,1
744,38,7,0,214,5,1
745,7,8,4,346,8,1
746,16,4,5,263,3,1
747,5,9,5,313,3,1
748,48,4,3,389,2,1
749,9,1,3,139,5,1
750,34,4,4,285,3,1
751,34,2,3,567,3,1
752,21,6,0,192,6,1
753,27,9,0,277,8,1
754,19,4,1,331,2,0
755,41,7,5,521,4,1
756,25,0,4,87,11,1
757,18,2,2,348,7,0
758,6,2,5,565,1,1
759,15,8,2,518,1,1
760,43,4,1,247,12,0
761,42,8,1,143,13,1
762,38,8,3,201,10,1
763,42,0,1,365,7,0
764,38,1,1,287,14,0
765,22,4,2,27,7,0
766,34,3,3,533,1,1
767,19,9,1,189,1,1
768,31,8,5,132,4,1
769,38,6,1,255,5,1
770,42,5,3,382,5,1
771,37,6,4,60,4,1
772,28,0,3,80,8,1
773,19,0,2,489,7,1
774,34,7,4,569,9,1
775,46,1,5,28,7,1
776,21,9,0,93,10,1
777,9,8,3,164,1,1
778,33,6,2,574,13,1
779,8,5,5,366,14,1
780,14,0,4,452,7,1
781,21,0,5,78,1,1
782,14,1,3,532,7,1
783,21,5,1,152,10,0
784,24,5,3,201,8,1
785,28,1,0,396,11,0
786,9,0,3,387,9,1
787,38,9,4,590,12,1
788,10,4,4,544,3,1
789,6,4,3,302,4,1
790,17,1,4,18,4,1
791,47,5,1,280,12,0
792,47,8,5,396,9,1
793,15,1,3,102,13,1
794,27,9,1,538,7,1
795,20,1,5,163,3,1
796,35,2,5,414,10,1
797,15,6,1,158,5,1
798,20,5,2,276,7,0
799,12,7,3,431,8,1
800,8,7,5,481,1,1
801,44,5,5,556,12,1
802,8,9,4,535,2,1
803,29,2,5,512,7,1
804,7,2,1,23,11,0
805,36,0,5,373,13,1
806,7,6,2,128,14,1
807,31,4,3,247,13,1
808,33,3,3,555,2,1
809,36,9,5,178,7,1
810,23,3,0,531,9,1
811,25,3,0,525,11,1
812,9,5,1,406,2,1
813,22,7,0,115,7,1
814,32,7,1,94,4,1
815,46,4,4,223,11,1
816,26,5,1,130,13,0
817,25,3,0,141,2,0
818,10,8,5,206,13,1
819,5,7,4,28,7,1
820,9,9,0,21,13,1
821,45,9,1,90,5,1
822,16,0,2,339,1,0
823,30,1,3,401,5,1
824,38,8,0,316,12,1
825,18,7,1,276,12,1
826,30,2,4,456,3,1
827,49,7,0,450,7,1
828,31,0,0,11,6,0
829,13,9,3,529,8,1
830,30,3,1,318,13,0
831,26,2,2,531,5,1
832,34,5,4,478,2,1
833,47,6,1,221,9,1
834,21,3,4,121,14,1
835,30,6,0,17,11,1
836,40,8,3,486,8,1
837,5,1,3,469,6,1
838,12,2,5,262,13,1
839,39,4,2,535,10,1
840,19,2,3,447,7,1
841,26,7,0,245,9,1
842,18,9,2,315,7,1
843,30,7,1,487,3,1
844,32,7,3,29,6,1
845,27,8,2,225,11,1
846,18,3,0,144,13,0
847,28,4,5,138,11,1
848,6,4,4,419,7,1
849,49,7,4,431,2,1
850,30,6,0,303,3,1
851,18,8,0,255,4,1
852,11,7,4,565,10,1
853,7,1,5,95,6,1
854,27,9,2,565,1,1
855,47,3,4,384,9,1
856,49,5,0,455,5,1
857,22,1,3,387,13,1
858,42,6,1,399,12,1
859,39,2,5,60,14,1
860,19,2,5,251,7,1
861,29,1,3,303,9,1
862,41,7,3,572,9,1
863,32,5,0,275,1,0
864,14,0,4,129,1,1
865,43,0,2,257,3,0
866,21,6,5,79,6,1
867,43,7,5,66,2,1
868,26,4,3,391,10,1
869,30,4,4,48,12,1
870,48,3,5,452,11,1
871,29,5,2,27,1,0
872,21,5,3,361,1,1
873,17,2,2,307,13,0
874,24,8,4,292,5,1
875,29,6,5,595,4,1
876,8,0,1,119,1,0
877,14,6,5,189,4,1
878,7,4,4,553,3,1
879,45,4,5,34,2,1
880,49,1,5,66,9,1
881,22,3,0,189,14,0
882,40,5,5,241,11,1
883,26,9,5,352,1,1
884,38,6,2,486,7,1
885,12,4,1,585,14,1
886,44,8,2,464,13,1
887,48,2,2,241,4,0
888,23,0,3,298,5,1
889,46,3,0,222,10,0
890,45,8,2,267,5,1
891,41,3,4,539,1,1
892,10,1,4,238,6,1
893,30,9,5,235,13,1
894,38,4,3,444,9,1
895,49,2,0,411,2,1
896,10,8,0,97,7,1
897,41,3,5,593,6,1
898,37,5,4,551,5,1
899,26,1,1,318,4,0
900,25,5,3,352,4,1
901,10,2,5,445,6,1
902,10,8,3,186,4,1
903,8,1,4,148,5,1
904,34,8,4,203,13,1
905,15,4,1,195,6,0
906,34,7,1,227,5,1
907,35,1,0,173,7,0
908,28,5,3,170,9,1
909,13,2,3,534,10,1
910,7,9,4,51,7,1
911,35,4,0,219,7,0
912,44,7,5,284,4,1
913,41,9,3,288,1,1
914,40,0,0,260,14,0
915,28,4,0,319,8,0
916,35,2,4,149,4,1
917,10,3,0,555,1,1
918,6,1,1,539,5,1
919,24,8,1,66,14,1
920,32,2,2,121,14,0
921,15,1,4,14,8,1
922,8,9,5,419,4,1
923,19,8,2,423,13,1
924,10,6,1,191,12,1
925,34,5,2,22,8,0
926,42,0,4,348,8,1
927,6,4,4,268,3,1
928,19,2,0,99,9,0
929,15,0,3,259,3,1
930,12,3,0,264,1,0
931,30,1,4,597,2,1
932,49,1,1,117,6,0
933,48,2,5,598,12,1
934,9,7,1,494,10,1
935,10,7,0,267,2,1
936,30,6,5,291,6,1
937,8,5,4,97,14,1
938,23,8,1,213,1,1
939,24,3,4,25,11,1
940,37,0,5,160,13,1
941,24,7,5,263,1,1
942,16,6,1,197,5,1
943,5,6,4,338,10,1
944,30,2,2,553,13,1
945,18,3,4,406,11,1
946,42,9,5,526,9,1
947,41,8,4,468,14,1
948,15,5,0,339,8,0
949,40,4,2,178,3,0
950,17,2,3,375,3,1
951,47,8,0,187,1,1
952,7,4,3,371,14,1
953,37,4,1,49,3,0
954,10,3,3,425,14,1
955,14,3,4,364,12,1
956,9,0,3,264,12,1
957,27,6,5,152,12,1
958,14,8,0,586,13,1
959,48,2,0,20,11,0
960,6,1,3,35,1,1
961,17,2,0,430,8,1
962,44,0,5,230,1,1
963,6,5,0,505,5,1
964,24,6,3,246,9,1
965,5,1,2,246,7,0
966,41,7,2,228,4,1
967,13,5,1,496,11,1
968,21,3,0,470,9,1
969,13,4,3,153,9,1
970,15,7,0,198,2,1
971,19,2,4,264,10,1
972,28,2,5,77,10,1
973,42,3,0,345,11,0
974,39,0,0,418,12,1
975,34,8,2,309,6,1
976,35,7,5,366,4,1
977,9,7,3,265,8,1
978,48,9,0,362,12,1
979,18,5,2,530,11,1
980,15,6,1,533,7,1
981,13,5,5,293,7,1
982,38,8,2,321,11,1
983,16,2,2,108,10,0
984,39,2,2,206,9,0
985,39,2,0,491,13,1
986,5,9,0,235,5,1
987,44,2,1,374,6,0
988,26,8,4,377,1,1
989,33,3,4,579,6,1
990,12,6,4,599,2,1
991,15,8,5,84,6,1
992,45,6,5,51,9,1
993,41,8,1,431,8,1
994,18,2,5,190,9,1
995,34,3,4,554,13,1
996,39,7,4,80,10,1
997,25,5,2,577,8,1
998,41,4,5,114,3,1
999,9,3,0,209,8,0
1000,23,7,0,110,6,1
1001,18,0,2,316,13,0
1002,30,8,2,595,6,1
1003,8,0,2,386,6,0
1004,29,7,0,408,3,1
1005,49,3,4,230,10,1
1006,46,8,2,191,1,1
1007,29,4,1,316,12,0
1008,22,2,2,531,14,1
1009,44,8,3,405,4,1
1010,12,8,2,13,10,1
1011,43,3,0,290,12,0
1012,44,3,5,224,6,1
1013,18,7,2,429,11,1
1014,36,1,5,110,12,1
1015,42,8,3,530,10,1
1016,37,5,1,582,2,1
1017,27,8,5,318,7,1
1018,19,7,4,519,7,1
1019,37,6,2,72,11,1
1020,29,0,3,235,4,1
1021,21,2,3,114,4,1
1022,37,1,5,434,1,1
1023,6,4,1,264,13,0
1024,18,4,0,438,2,1
1025,44,4,2,443,9,1
1026,44,3,3,216,10,1
1027,43,4,1,37,8,0
1028,10,2,4,345,8,1
1029,10,0,3,597,9,1
1030,7,4,1,78,7,0
1031,11,8,0,522,13,1
1032,12,8,0,176,9,1
1033,46,3,3,377,10,1
1034,19,2,3,260,12,1
1035,33,0,5,179,2,1
1036,37,1,2,99,6,0
1037,34,7,1,570,3,1
1038,43,0,3,455,11,1
1039,31,7,2,303,6,1
1040,40,6,5,159,3,1
1041,33,7,2,141,8,1
1042,42,5,3,442,11,1
1043,37,8,0,68,13,1
1044,41,2,1,208,4,0
1045,31,9,1,224,12,1
1046,37,3,0,570,10,1
1047,8,5,3,481,6,1
1048,26,7,1,256,9,1
1049,6,4,3,391,2,1
1050,14,2,5,248,2,1
1051,9,5,3,376,7,1
1052,14,3,2,177,2,0
1053,37,8,0,569,2,1
1054,42,2,3,60,4,1
1055,17,3,5,389,9,1
1056,35,6,4,483,8,1
1057,40,6,0,89,2,1
1058,49,3,1,376,8,0
1059,28,5,2,470,4,1
1060,19,2,1,548,2,1
1061,33,5,5,461,11,1
1062,12,1,5,473,10,1
1063,9,7,1,487,7,1
1064,33,1,0,429,6,1
1065,8,6,1,223,14,1
1066,16,8,3,378,10,1
1067,49,0,1,123,5,0
1068,6,7,2,512,11,1
1069,31,6,2,597,1,1
1070,35,5,4,320,2,1
1071,40,5,2,478,8,1
1072,40,5,1,53,1,0
1073,30,8,2,424,3,1
1074,47,1,0,255,2,0
1075,31,0,2,93,5,0
1076,9,5,3,216,4,1
1077,24,9,0,160,13,1
1078,15,7,4,537,7,1
1079,14,2,3,174,5,1
1080,44,9,1,154,8,1
1081,42,0,1,46,4,0
1082,10,8,1,342,12,1
1083,12,0,3,412,6,1
1084,27,2,3,423,4,1
1085,30,7,3,54,2,1
1086,47,2,0,411,1,1
1087,16,3,5,215,14,1
1088,30,7,0,71,14,1
1089,17,0,1,429,1,1
1090,44,5,5,477,8,1
1091,22,0,2,28,14,0
1092,29,0,1,374,4,0
1093,37,7,4,309,5,1
1094,44,3,0,16,11,0
1095,47,0,3,437,8,1
1096,16,9,0,126,12,1
1097,48,6,3,589,7,1
1098,40,4,5,516,13,1
1099,8,4,4,555,8,1
1100,9,0,5,334,13,1
1101,41,9,4,64,8,1
1102,12,5,0,51,6,0
1103,46,8,3,306,10,1
1104,32,8,5,240,2,1
1105,35,7,4,462,6,1
1106,13,4,1,403,14,1
1107,33,0,1,531,1,1
1108,18,8,5,367,1,1
1109,44,0,3,453,11,1
1110,45,7,5,137,3,1
1111,26,4,0,414,3,1
1112,15,2,4,401,11,1
1113,27,6,0,202,13,1
1114,5,6,1,87,5,1
1115,41,8,4,94,1,1
1116,25,6,5,39,10,1
1117,30,2,0,58,6,0
1118,40,0,2,154,7,0
1119,27,7,3,78,10,1
1120,5,2,3,67,12,1
1121,44,7,2,583,13,1
1122,19,7,1,488,11,1
1123,25,4,4,454,3,1
1124,13,0,3,305,4,1
1125,13,9,2,180,10,1
1126,14,6,5,584,11,1
1127,30,9,2,156,10,1
1128,45,4,1,493,14,1
1129,39,7,1,315,12,1
1130,29,8,0,455,10,1
1131,30,6,3,230,14,1
1132,15,6,0,564,10,1
1133,42,0,2,387,10,0
1134,6,3,4,275,3,1
1135,11,1,4,104,1,1
1136,22,1,1,271,8,0
1137,31,1,4,80,13,1
1138,38,3,4,228,10,1
1139,31,0,4,542,10,1
1140,21,3,2,101,2,0
1141,47,1,4,136,1,1
1142,48,4,5,89,14,1
1143,28,2,4,247,8,1
1144,29,7,4,381,7,1
1145,11,3,0,495,7,1
1146,10,0,2,34,4,0
1147,28,0,1,165,11,0
1148,37,9,0,526,9,1
1149,33,2,3,539,6,1
1150,47,8,2,66,2,1
1151,26,6,5,28,14,1
1152,30,1,2,393,1,0
1153,32,8,3,202,1,1
1154,25,9,3,246,9,1
1155,11,1,3,396,4,1
1156,21,2,1,435,5,1
1157,24,9,4,286,3,1
1158,45,1,2,236,4,0
1159,24,2,4,561,12,1
1160,26,5,4,332,8,1
1161,32,8,5,162,13,1
1162,44,8,3,246,4,1
1163,11,6,1,64,9,1
1164,5,2,5,445,9,1
1165,36,3,0,118,6,0
1166,17,5,1,193,2,0
1167,34,4,4,377,12,1
1168,27,1,1,207,10,0
1169,23,5,3,380,11,1
1170,36,2,0,382,7,0
1171,34,7,3,506,9,1
1172,33,1,0,210,6,0
1173,49,0,5,518,3,1
1174,33,8,4,331,14,1
1175,34,2,0,284,7,0
1176,20,0,0,220,5,0
1177,44,6,0,513,1,1
1178,23,9,1,127,3,1
1179,22,4,5,563,5,1
1180,5,4,1,51,7,0
1181,18,0,4,324,3,1
1182,6,8,0,338,6,1
1183,32,6,5,26,5,1
1184,34,7,5,292,13,1
1185,42,8,2,267,1,1
1186,8,5,4,584,10,1
1187,5,4,5,583,6,1
1188,12,5,0,28,14,0
1189,33,1,0,538,8,1
1190,43,3,5,432,13,1
1191,7,2,1,475,13,1
1192,36,6,4,382,1,1
1193,14,8,0,90,2,1
1194,14,4,5,560,14,1
1195,23,5,0,557,4,1
1196,38,9,5,433,12,1
1197,37,1,4,438,2,1
1198,27,2,5,397,11,1
1199,32,2,2,213,9,0
1200,36,8,5,205,10,1
1201,11,6,5,294,8,1
1202,33,7,4,205,8,1
1203,12,9,5,316,4,1
1204,5,8,4,23,5,1
1205,7,5,2,155,4,0
1206,28,3,4,66,13,1
1207,27,0,0,219,9,0
1208,12,7,4,538,13,1
1209,41,6,2,353,2,1
1210,7,1,3,288,13,1
1211,37,7,5,218,11,1
1212,32,4,4,344,8,1
1213,12,6,5,297,2,1
1214,38,3,1,261,1,0
1215,39,4,0,274,10,0
1216,36,7,0,280,3,1
1217,28,0,1,428,9,1
1218,18,0,1,220,12,0
1219,36,3,4,374,3,1
1220,47,2,1,85,9,0
1221,20,9,3,330,7,1
1222,8,1,5,442,13,1
1223,41,2,5,118,10,1
1224,25,0,2,531,1,1
1225,18,0,1,56,10,0
1226,35,5,1,388,5,0
1227,22,4,3,105,9,1
1228,11,7,0,112,12,1
1229,14,1,0,155,3,0
1230,11,3,5,36,9,1
1231,37,7,5,539,5,1
1232,27,5,4,91,9,1
1233,25,0,3,437,10,1
1234,23,3,2,593,6,1
1235,23,0,2,488,9,1
1236,40,1,3,171,7,1
1237,33,4,2,411,7,1
1238,22,7,0,517,8,1
1239,6,7,2,47,7,1
1240,5,2,2,520,12,1
1241,9,3,3,402,9,1
1242,24,9,3,503,11,1
1243,15,5,2,209,9,0
1244,46,9,1,264,6,1
1245,6,2,3,188,7,1
1246,7,1,4,556,2,1
1247,27,5,4,398,9,1
1248,16,4,0,407,12,1
1249,24,9,2,167,13,1
1250,9,4,1,13,1,0
1251,41,9,0,176,1,1
1252,42,4,2,477,3,1
1253,34,9,3,418,12,1
1254,13,4,4,421,6,1
1255,38,2,5,213,5,1
1256,48,6,1,203,2,1
1257,39,5,5,244,9,1
1258,26,3,4,159,14,1
1259,48,1,5,168,13,1
1260,28,8,3,288,10,1
1261,21,0,2,413,14,1
1262,14,3,3,320,4,1
1263,34,0,5,77,4,1
1264,27,5,3,472,5,1
1265,36,3,4,97,8,1
1266,21,4,1,226,10,0
1267,21,4,3,10,4,1
1268,18,8,4,144,5,1
1269,13,0,1,360,12,0
1270,44,1,2,149,4,0
1271,6,5,5,142,14,1
1272,49,4,2,187,6,0
1273,29,6,0,367,12,1
1274,43,2,4,389,3,1
1275,13,2,1,459,8,1
1276,26,9,3,595,6,1
1277,47,1,2,472,10,1
1278,8,2,1,117,5,0
1279,30,9,4,131,13,1
1280,33,0,0,26,2,0
1281,49,4,2,205,10,0
1282,38,4,5,336,10,1
1283,27,6,1,327,7,1
1284,41,3,5,488,2,1
1285,15,2,1,261,1,0
1286,10,0,1,512,7,1
1287,22,7,4,128,5,1
1288,25,2,4,507,1,1
1289,46,1,4,495,4,1
1290,40,3,3,54,12,1
1291,45,2,1,323,13,0
1292,42,0,2,188,4,0
1293,38,2,5,427,10,1
1294,21,1,4,565,7,1
1295,41,7,4,87,9,1
1296,29,5,5,335,2,1
1297,42,8,5,366,12,1
1298,16,7,1,425,14,1
1299,27,9,4,524,1,1
1300,46,2,5,223,2,1
1301,26,4,3,83,7,1
1302,25,6,3,572,13,1
1303,31,4,4,588,10,1
1304,35,7,5,518,6,1
1305,10,4,1,341,4,0
1306,31,0,1,102,1,0
1307,44,4,1,528,13,1
1308,38,3,0,278,1,0
1309,16,5,4,385,5,1
1310,49,2,1,13,1,0
1311,11,4,3,147,12,1
1312,14,1,5,240,7,1
1313,49,5,2,538,13,1
1314,21,5,2,61,11,0
1315,30,4,1,334,1,0
1316,25,5,2,286,1,0
1317,32,6,2,545,2,1
1318,6,4,0,495,13,1
1319,47,0,3,525,14,1
1320,5,7,3,161,11,1
1321,40,3,0,492,12,1
1322,30,8,0,268,10,1
1323,33,9,2,333,3,1
1324,25,5,4,177,13,1
1325,15,0,5,319,11,1
1326,44,2,5,488,1,1
1327,15,2,2,65,9,0
1328,40,9,5,482,10,1
1329,43,3,0,305,8,0
1330,44,5,3,470,5,1
1331,39,6,5,333,13,1
1332,38,9,2,150,11,1
1333,28,3,4,271,2,1
1334,26,5,2,429,5,1
1335,9,0,1,250,6,0
1336,37,7,2,364,14,1
1337,40,6,0,598,1,1
1338,24,8,3,189,11,1
1339,23,2,3,75,4,1
1340,39,1,5,357,9,1
1341,47,0,0,180,2,0
1342,21,2,1,483,5,1
1343,49,4,0,543,1,1
1344,47,1,2,376,4,0
1345,38,2,0,116,4,0
1346,13,3,0,448,6,1
1347,30,6,1,236,10,1
1348,6,2,2,453,9,1
1349,13,8,4,451,3,1
1350,13,7,4,405,9,1
1351,44,3,3,590,6,1
1352,21,0,5,93,7,1
1353,5,0,0,560,12,1
1354,29,0,3,22,10,1
1355,47,0,1,502,2,1
1356,44,7,4,277,11,1
1357,46,2,0,534,10,1
1358,29,5,1,129,14,0
1359,43,2,5,362,6,1
1360,39,4,1,66,6,0
1361,7,6,0,49,2,1
1362,41,1,5,345,2,1
1363,48,5,1,182,14,0
1364,48,5,5,556,2,1
1365,34,2,0,268,10,0
1366,42,5,0,526,12,1
1367,38,9,5,532,1,1
1368,16,9,2,126,5,1
1369,23,4,3,193,8,1
1370,41,1,1,125,2,0
1371,48,8,1,171,13,1
1372,21,7,2,588,5,1
1373,14,2,2,552,12,1
1374,16,7,2,596,8,1
1375,20,8,4,246,10,1
1376,28,2,4,75,14,1
1377,23,2,5,79,5,1
1378,12,1,4,456,2,1
1379,35,7,0,425,3,1
1380,25,9,5,541,6,1
1381,21,0,1,450,11,1
1382,27,7,3,473,11,1
1383,41,6,0,405,5,1
1384,20,6,1,560,11,1
1385,10,2,1,566,4,1
1386,12,0,5,404,4,1
1387,29,3,2,335,5,0
1388,22,8,2,100,2,1
1389,29,4,0,79,9,0
1390,16,0,2,175,2,0
1391,19,4,1,223,10,0
1392,30,7,2,344,2,1
1393,45,7,4,378,10,1
1394,49,4,2,593,14,1
1395,30,8,1,58,9,1
1396,36,0,5,61,14,1
1397,14,3,0,298,3,0
1398,20,2,3,248,10,1
1399,11,1,2,142,7,0
1400,21,7,1,175,4,1
1401,27,6,3,383,13,1
1402,30,8,3,382,13,1
1403,25,1,4,487,6,1
1404,26,3,3,488,14,1
1405,11,5,5,309,4,1
1406,18,2,1,91,10,0
1407,19,7,1,96,7,1
1408,11,2,2,234,1,0
1409,13,1,2,25,3,0
1410,12,2,2,367,13,0
1411,27,5,5,172,3,1
1412,33,1,3,523,1,1
1413,22,7,3,359,6,1
1414,35,0,4,473,13,1
1415,34,6,5,384,11,1
1416,43,1,2,101,14,0
1417,39,9,0,190,9,1
1418,22,5,4,310,8,1
1419,46,1,0,198,11,0
1420,43,1,3,323,7,1
1421,21,9,4,502,10,1
1422,18,7,4,137,8,1
1423,35,1,1,528,6,1
1424,28,6,3,435,9,1
1425,39,2,3,568,3,1
1426,48,7,5,574,10,1
1427,49,6,4,196,10,1
1428,38,7,3,559,9,1
1429,7,6,4,462,4,1
1430,41,5,5,480,7,1
1431,47,6,5,574,13,1
1432,44,4,1,233,9,0
1433,30,6,4,163,2,1
1434,27,0,3,569,2,1
1435,48,0,3,360,9,1
1436,43,8,4,156,12,1
1437,19,4,4,585,13,1
1438,8,4,4,358,3,1
1439,33,2,2,191,9,0
1440,26,4,3,188,13,1
1441,29,2,5,48,5,1
1442,17,8,3,12,6,1
1443,22,8,2,73,2,1
1444,37,5,4,38,8,1
1445,20,0,1,381,11,0
1446,49,6,4,532,9,1
1447,46,6,4,106,2,1
1448,48,9,2,451,6,1
1449,6,9,3,212,6,1
1450,39,3,4,420,8,1
1451,46,7,3,30,10,1
1452,38,5,0,560,12,1
1453,34,3,5,111,5,1
1454,17,3,3,55,9,1
1455,17,1,1,75,1,0
1456,22,1,5,173,9,1
1457,36,3,1,120,10,0
1458,36,4,4,347,7,1
1459,39,7,5,132,4,1
1460,43,5,3,456,3,1
1461,33,3,5,300,14,1
1462,33,6,4,421,10,1
1463,48,7,2,290,11,1
1464,20,1,1,52,14,0
1465,48,6,4,495,6,1
1466,14,1,2,60,12,0
1467,34,1,5,219,13,1
1468,29,7,5,135,1,1
1469,43,1,4,501,3,1
1470,24,8,3,518,2,1
1471,9,0,5,590,11,1
1472,5,8,3,267,13,1
1473,34,0,3,197,9,1
1474,7,9,3,239,3,1
1475,49,9,0,198,13,1
1476,18,1,2,424,2,1
1477,34,5,2,19,4,0
1478,8,5,5,123,14,1
1479,22,0,5,85,2,1
1480,41,6,3,511,1,1
1481,29,7,0,94,6,1
1482,5,1,3,58,10,1
1483,19,7,0,504,8,1
1484,13,8,3,396,10,1
1485,19,5,1,398,10,0
1486,28,4,1,227,2,0
1487,8,8,4,355,14,1
1488,16,8,3,239,9,1
1489,41,0,5,264,13,1
1490,41,2,2,245,3,0
1491,47,8,4,35,8,1
1492,10,1,5,593,12,1
1493,43,3,1,270,8,0
1494,28,3,3,280,3,1
1495,15,1,4,132,3,1
1496,17,2,3,266,12,1
1497,38,2,1,430,6,1
1498,29,0,4,268,1,1
1499,11,5,1,56,4,0
1500,8,7,0,534,1,1
1501,12,2,1,217,14,0
1502,24,4,3,320,3,1
1503,33,0,2,158,9,0
1504,49,9,1,447,14,1
1505,14,6,5,164,14,1
1506,47,9,2,99,5,1
1507,38,0,0,367,12,0
1508,30,8,4,183,5,1
1509,45,7,4,226,11,1
1510,7,6,2,465,4,1
1511,10,9,4,208,3,1
1512,9,6,1,495,5,1
1513,9,4,2,542,14,1
1514,27,4,3,209,11,1
1515,13,4,1,380,4,0
1516,39,0,1,457,8,1
1517,24,7,1,257,4,1
1518,46,0,3,273,11,1
1519,39,3,0,67,12,0
1520,22,8,5,311,8,1
1521,21,8,4,40,6,1
1522,28,4,2,507,14,1
1523,7,3,0,258,12,0
1524,36,2,2,280,11,0
1525,39,2,4,403,5,1
1526,42,4,3,511,4,1
1527,17,9,1,93,4,1
1528,29,0,1,374,12,0
1529,13,4,3,558,4,1
1530,8,5,0,351,11,0
1531,18,6,0,416,13,1
1532,41,8,2,434,13,1
1533,38,2,3,102,9,1
1534,15,1,0,421,4,1
1535,45,2,3,441,12,1
1536,7,8,4,168,9,1
1537,32,6,1,23,13,1
1538,33,8,1,382,10,1
1539,13,1,1,234,6,0
1540,7,4,3,514,10,1
1541,29,3,3,82,13,1
1542,38,1,2,258,7,0
1543,16,8,1,520,12,1
1544,46,8,2,225,10,1
1545,13,5,1,550,3,1
1546,19,5,2,229,8,0
1547,44,7,2,230,3,1
1548,29,5,4,398,1,1
1549,9,0,2,563,13,1
1550,15,3,3,51,13,1
1551,38,6,2,292,10,1
1552,28,1,1,67,12,0
1553,19,8,2,546,5,1
1554,42,7,0,82,2,1
1555,12,7,5,138,10,1
1556,9,6,1,435,14,1
1557,30,3,0,134,6,0
1558,22,1,1,76,13,0
1559,10,2,3,15,10,1
1560,41,5,5,323,9,1
1561,17,4,5,335,1,1
1562,32,7,3,574,14,1
1563,9,5,5,587,13,1
1564,17,5,3,515,4,1
1565,21,0,0,91,1,0
1566,44,3,4,11,1,1
1567,49,4,1,213,8,0
1568,36,2,3,413,14,1
1569,33,8,1,112,14,1
1570,7,0,0,545,13,1
1571,44,5,4,377,14,1
1572,38,5,0,221,11,0
1573,44,9,5,586,2,1
1574,31,4,1,218,1,0
1575,17,4,4,126,11,1
1576,49,9,5,487,8,1
1577,37,4,4,114,4,1
1578,10,5,5,504,3,1
1579,28,7,0,55,13,1
1580,23,1,3,340,12,1
1581,20,5,1,225,4,0
1582,44,0,2,501,14,1
1583,32,3,2,458,11,1
1584,37,9,0,545,5,1
1585,45,2,1,520,1,1
1586,17,8,1,467,14,1
1587,47,2,0,556,11,1
1588,49,5,1,545,1,1
1589,29,0,3,549,3,1
1590,46,5,0,493,6,1
1591,40,3,3,25,1,1
1592,31,7,1,580,14,1
1593,42,8,0,252,11,1
1594,11,3,1,216,12,0
1595,9,9,0,280,2,1
1596,47,9,1,124,12,1
1597,49,5,3,589,14,1
1598,35,0,3,308,7,1
1599,27,3,1,492,14,1
1600,46,6,0,406,14,1
1601,14,0,2,403,1,1
1602,36,7,3,84,13,1
1603,47,9,3,491,14,1
1604,34,5,5,112,7,1
1605,43,4,2,306,4,0
1606,35,9,1,187,10,1
1607,22,8,0,224,14,1
1608,40,1,5,324,6,1
1609,6,4,1,48,14,0
1610,18,5,4,268,8,1
1611,17,6,3,16,9,1
1612,33,4,4,58,6,1
1613,16,8,3,547,12,1
1614,43,0,3,170,11,1
1615,6,6,4,185,13,1
1616,36,9,4,11,14,1
1617,17,6,1,464,9,1
1618,31,3,5,285,4,1
1619,45,8,5,507,6,1
1620,21,4,4,37,8,1
1621,44,3,1,342,9,0
1622,35,6,5,10,3,1
1623,38,3,1,197,2,0
1624,28,2,1,65,6,0
1625,49,8,3,556,4,1
1626,39,7,5,121,1,1
1627,10,0,5,319,8,1
1628,23,6,3,45,9,1
1629,34,8,4,448,14,1
1630,11,7,3,586,9,1
1631,14,7,5,334,2,1
1632,45,5,5,316,9,1
1633,36,3,4,543,7,1
1634,38,7,3,118,5,1
1635,32,2,0,381,7,0
1636,19,8,0,366,13,1
1637,34,1,4,190,9,1
1638,41,1,3,365,8,1
1639,33,6,3,77,6,1
1640,26,9,1,301,13,1
1641,8,3,5,190,4,1
1642,24,9,2,475,13,1
1643,36,7,4,443,1,1
1644,40,8,2,473,6,1
1645,8,6,2,543,3,1
1646,31,4,4,75,6,1
1647,21,7,3,30,6,1
1648,16,3,4,393,14,1
1649,26,1,2,568,4,1
1650,21,5,5,48,2,1
1651,14,8,5,294,9,1
1652,5,0,5,345,2,1
1653,26,9,3,197,3,1
1654,30,6,0,252,10,1
1655,22,9,4,82,1,1
1656,18,8,5,488,7,1
1657,33,9,4,570,1,1
1658,16,8,5,110,11,1
1659,40,9,3,523,9,1
1660,39,2,0,185,11,0
1661,16,4,0,247,11,0
1662,11,7,5,68,1,1
1663,33,7,3,108,5,1
1664,15,3,1,504,7,1
1665,37,0,4,523,3,1
1666,10,0,4,306,9,1
1667,19,3,2,220,8,0
1668,36,5,3,132,13,1
1669,15,7,2,238,3,1
1670,27,5,5,397,5,1
1671,30,8,2,149,7,1
1672,38,8,0,550,12,1
1673,38,1,4,400,14,1
1674,33,9,2,279,4,1
1675,8,0,0,21,5,0
1676,21,1,3,398,3,1
1677,39,4,2,346,9,0
1678,17,3,5,515,10,1
1679,45,3,5,115,9,1
1680,43,8,5,41,7,1
1681,19,7,4,83,10,1
1682,33,5,2,180,2,0
1683,33,0,3,78,7,1
1684,15,1,2,371,7,0
1685,36,5,4,442,11,1
1686,6,1,0,109,5,0
1687,18,9,4,18,9,1
1688,24,4,5,583,13,1
1689,26,4,0,38,12,0
1690,15,5,5,123,11,1
1691,31,5,1,471,3,1
1692,7,5,4,152,4,1
1693,21,1,4,399,1,1
1694,48,9,3,166,6,1
1695,32,2,2,344,4,0
1696,33,5,0,269,1,0
1697,25,7,0,91,2,1
1698,20,0,3,450,3,1
1699,41,0,3,181,9,1
1700,24,1,2,240,13,0
1701,10,5,5,84,8,1
1702,23,8,2,279,7,1
1703,9,3,4,71,13,1
1704,7,2,5,329,11,1
1705,5,7,1,111,12,1
1706,42,9,2,438,14,1
1707,19,8,3,264,4,1
1708,38,4,5,541,1,1
1709,39,8,2,579,8,1
1710,29,1,0,121,4,0
1711,28,2,1,322,3,0
1712,16,6,4,470,9,1
1713,22,6,0,471,10,1
1714,19,5,0,101,4,0
1715,48,5,1,61,4,0
1716,20,1,4,529,14,1
1717,31,9,3,107,9,1
1718,12,5,5,245,13,1
1719,29,3,4,383,12,1
1720,21,2,2,590,11,1
1721,33,1,0,566,12,1
1722,12,0,2,243,14,0
1723,19,4,3,41,2,1
1724,31,1,2,298,14,0
1725,11,1,4,588,12,1
1726,7,6,2,551,5,1
1727,33,7,3,123,4,1
1728,48,9,3,213,9,1
1729,28,7,3,38,12,1
1730,7,3,4,483,5,1
1731,24,0,3,262,9,1
1732,19,6,0,395,11,1
1733,29,0,3,71,9,1
1734,34,3,2,524,14,1
1735,18,7,5,439,2,1
1736,11,1,2,589,14,1
1737,21,5,5,546,9,1
1738,48,5,2,150,3,0
1739,24,8,4,309,4,1
1740,40,4,2,320,1,0
1741,13,9,4,480,14,1
1742,42,3,4,402,1,1
1743,26,4,3,454,1,1
1744,6,9,0,181,9,1
1745,28,4,5,585,11,1
1746,12,7,3,40,8,1
1747,15,9,3,56,5,1
1748,17,7,4,139,5,1
1749,21,1,4,361,9,1
1750,12,6,5,590,3,1
1751,25,7,2,67,3,1
1752,22,5,2,115,7,0
1753,34,4,3,339,9,1
1754,22,8,1,392,6,1
1755,35,2,1,171,14,0
1756,42,9,2,295,2,1
1757,36,3,1,80,1,0
1758,15,8,2,463,2,1
1759,49,5,4,576,14,1
1760,29,7,3,406,14,1
1761,37,6,0,524,1,1
1762,42,1,3,35,10,1
1763,45,2,2,322,10,0
1764,12,0,2,135,9,0
1765,15,8,3,417,10,1
1766,26,6,5,574,12,1
1767,28,0,2,207,14,0
1768,45,2,1,197,13,0
1769,21,3,1,493,8,1
1770,16,3,2,459,7,1
1771,36,4,2,532,3,1
1772,19,2,5,363,8,1
1773,20,2,1,109,2,0
1774,26,0,2,567,2,1
1775,32,6,2,565,11,1
1776,24,9,5,287,10,1
1777,37,0,5,500,3,1
1778,14,1,3,264,7,1
1779,44,3,5,390,1,1
1780,36,3,0,551,8,1
1781,37,4,1,273,12,0
1782,6,1,3,338,7,1
1783,37,3,0,124,4,0
1784,37,0,2,285,14,0
1785,45,1,2,497,5,1
1786,17,0,3,290,10,1
1787,34,9,5,284,13,1
1788,37,9,2,337,1,1
1789,17,3,4,220,4,1
1790,30,3,3,561,1,1
1791,26,6,0,35,1,1
1792,43,9,3,36,10,1
1793,6,8,1,92,1,1
1794,42,8,5,422,7,1
1795,43,4,5,176,7,1
1796,30,9,3,178,4,1
1797,19,0,2,238,13,0
1798,38,0,2,376,12,0
1799,46,5,4,537,2,1
1800,48,1,4,547,12,1
1801,44,7,5,533,3,1
1802,15,8,4,81,8,1
1803,7,3,0,115,13,0
1804,10,4,4,291,8,1
1805,13,7,0,142,11,1
1806,10,2,4,543,11,1
1807,13,4,5,278,6,1
1808,43,2,5,421,10,1
1809,35,9,0,27,9,1
1810,36,2,3,126,11,1
1811,45,2,5,153,12,1
1812,16,6,3,560,9,1
1813,12,6,2,431,4,1
1814,12,6,0,378,12,1
1815,32,9,5,567,1,1
1816,24,7,1,59,1,1
1817,11,4,2,115,12,0
1818,15,4,3,225,10,1
1819,24,3,5,434,5,1
1820,20,6,0,81,14,1
1821,8,9,4,455,13,1
1822,10,3,1,195,2,0
1823,26,1,3,79,6,1
1824,30,3,2,159,7,0
1825,7,7,0,255,1,1
1826,45,8,1,547,6,1
1827,46,2,0,108,8,0
1828,18,6,5,287,12,1
1829,15,8,4,572,5,1
1830,22,3,2,464,14,1
1831,16,9,0,113,12,1
1832,27,2,3,242,7,1
1833,16,4,5,403,10,1
1834,17,0,5,510,6,1
1835,29,2,2,260,4,0
1836,49,7,5,530,7,1
1837,23,7,3,88,10,1
1838,40,3,0,61,9,0
1839,49,1,2,235,10,0
1840,12,7,5,60,10,1
1841,33,7,5,195,13,1
1842,36,9,3,43,7,1
1843,48,3,4,140,12,1
1844,22,2,4,452,14,1
1845,10,1,5,441,5,1
1846,22,8,0,506,7,1
1847,23,0,2,412,3,1
1848,26,6,5,332,2,1
1849,41,4,1,219,11,0
1850,36,7,2,338,5,1
1851,45,3,4,381,4,1
1852,7,6,5,469,5,1
1853,32,4,3,142,8,1
1854,14,4,1,130,12,0
1855,39,8,5,461,4,1
1856,33,8,0,138,9,1
1857,19,8,1,100,7,1
1858,37,5,5,584,10,1
1859,11,5,0,38,13,0
1860,16,4,1,533,12,1
1861,34,8,0,342,7,1
1862,25,9,0,306,13,1
1863,35,7,1,139,13,1
1864,28,6,1,302,8,1
1865,24,6,0,182,12,1
1866,41,5,4,33,6,1
1867,8,4,1,108,8,0
1868,32,3,5,415,3,1
1869,48,2,2,365,10,0
1870,24,2,3,148,10,1
1871,28,5,0,512,14,1
1872,36,3,0,183,1,0
1873,45,5,3,38,6,1
1874,40,2,4,505,1,1
1875,38,3,3,360,9,1
1876,40,8,1,563,14,1
1877,6,4,3,308,2,1
1878,19,6,0,201,11,1
1879,38,9,3,73,2,1
1880,40,1,2,224,7,0
1881,10,4,5,175,2,1
1882,43,8,1,552,10,1
1883,46,2,3,241,8,1
1884,16,8,0,550,6,1
1885,7,5,5,204,14,1
1886,49,3,1,515,7,1
1887,22,6,0,343,7,1
1888,44,7,4,313,6,1
1889,25,5,2,446,10,1
1890,19,4,4,332,11,1
1891,37,5,2,511,9,1
1892,39,4,3,402,13,1
1893,30,7,1,158,9,1
1894,12,0,3,414,7,1
1895,40,6,2,292,9,1
1896,34,9,2,371,13,1
1897,27,9,2,388,10,1
1898,46,1,5,207,3,1
1899,48,8,0,565,3,1
1900,18,0,1,365,1,0
1901,18,9,3,549,5,1
1902,6,5,3,438,4,1
1903,41,8,4,26,2,1
1904,9,0,2,388,9,0
1905,42,3,2,515,3,1
1906,49,3,2,85,8,0
1907,45,8,3,240,6,1
1908,18,4,4,257,14,1
1909,43,4,0,311,13,0
1910,29,5,5,224,5,1
1911,24,0,1,167,1,0
1912,6,0,0,78,4,0
1913,43,8,3,402,3,1
1914,10,2,5,94,1,1
1915,21,3,5,276,12,1
1916,29,0,5,78,5,1
1917,32,8,2,356,6,1
1918,6,7,1,432,2,1
1919,39,1,3,183,14,1
1920,41,7,3,124,3,1
1921,9,6,5,229,11,1
1922,5,5,3,40,14,1
1923,44,0,1,532,6,1
1924,16,6,1,352,4,1
1925,40,9,4,386,9,1
1926,49,6,4,139,5,1
1927,27,8,0,548,4,1
1928,35,0,1,11,2,0
1929,15,1,1,110,6,0
1930,14,8,1,542,10,1
1931,7,8,4,67,2,1
1932,18,5,5,398,12,1
1933,20,5,5,350,13,1
1934,14,3,3,29,7,1
1935,33,3,5,264,3,1
1936,14,4,2,326,9,0
1937,16,2,4,47,11,1
1938,34,0,1,546,5,1
1939,45,0,5,395,8,1
1940,5,6,4,35,11,1
1941,9,0,5,463,6,1
1942,24,0,0,332,14,0
1943,12,2,1,522,12,1
1944,47,9,0,22,10,1
1945,16,3,1,569,8,1
1946,5,3,4,380,13,1
1947,24,1,3,300,13,1
1948,32,0,5,341,11,1
1949,47,2,5,270,12,1
1950,41,3,2,214,3,0
1951,41,2,0,396,3,0
1952,16,7,5,477,5,1
1953,41,9,4,424,11,1
1954,48,0,3,78,10,1
1955,32,1,4,481,3,1
1956,19,6,0,113,8,1
1957,10,3,2,170,10,0
1958,48,7,5,209,13,1
1959,24,2,4,225,12,1
1960,18,5,1,221,14,0
1961,6,8,3,517,8,1
1962,13,0,4,25,2,1
1963,41,0,3,507,12,1
1964,24,7,5,341,4,1
1965,30,2,1,560,10,1
1966,33,4,2,265,13,0
1967,5,0,2,181,1,0
1968,39,4,1,507,4,1
1969,10,5,3,480,12,1
1970,41,7,5,393,13,1
1971,9,2,4,598,13,1
1972,37,2,1,516,11,1
1973,18,9,0,536,13,1
1974,16,8,3,334,4,1
1975,46,3,2,223,10,0
1976,24,3,1,217,9,0
1977,28,6,2,178,3,1
1978,47,1,3,339,2,1
1979,38,7,2,289,9,1
1980,29,5,1,314,9,0
1981,33,2,3,155,1,1
1982,43,8,0,525,6,1
1983,35,4,1,99,10,0
1984,47,7,4,462,8,1
1985,27,6,5,69,3,1
1986,48,7,1,320,11,1
1987,42,6,3,537,9,1
1988,24,2,5,236,2,1
1989,27,1,1,483,6,1
1990,49,6,0,550,1,1
1991,20,2,0,88,13,0
1992,46,2,4,442,7,1
1993,12,1,2,162,3,0
1994,25,3,5,410,7,1
1995,5,7,3,288,4,1
1996,12,0,3,66,9,1
1997,33,0,2,195,5,0
1998,36,4,0,407,3,1
1999,42,4,0,167,8,0
2000,9,0,1,368,6,0
